<!--   AJC Computation: Mid Point
       Configuration file to indicate the Required Markers Name according to each Markers Protocol
	   Specify MarkerNames in the same order of MarkerFullNames    
--> 
<Method>
    <Name>EJCMidPoint</Name>
    <Input>
		<MarkerFullNames>
			<Marker>Left First Point</Marker>
            <Marker>Right First Point</Marker>
            <Marker>Left Second Point</Marker>
            <Marker>Right Second Point</Marker>
		</MarkerFullNames>
	</Input>
    <MarkersDefinition>
		<Protocol>
          <Name>GU-10pointsCluster</Name>  
	      <MarkerNames>
			 <Marker>LMEL</Marker>
			 <Marker>RMEL</Marker>
			 <Marker>LLEL</Marker>
			 <Marker>RLEL</Marker>
          </MarkerNames>			
        </Protocol>	
		<Protocol>
          <Name>DSTO-LoadSharing</Name>  
	      <MarkerNames>
			 <Marker>LLEP</Marker>
			 <Marker>RLEP</Marker>
			 <Marker>LMEP</Marker>
			 <Marker>RMEP</Marker>
          </MarkerNames>			
        </Protocol>	
    </MarkersDefinition>
</Method>  

 